id,المصطلح,التصنيف,الترجمة,أول ذكر,الطريقة,ممنوع,تنبيه,ملاحظة,المصدر,اعتماد المراجع
allah,الله,عقيدة,Allah,Allah,transliterate,,God,يُكتب Allah عند الإشارة إلى الله في سياق إسلامي,مسودة منهل — تُطابق مع موسوعة المصطلحات الإسلامية terminologyenc.com وموسوعة الجمهرة,
tawhid,التوحيد,عقيدة,Tawhid,"Tawhid (the Oneness of God: singling out Allah in lordship, worship, and His names and attributes)",both,,monotheism,يفضل إبقاء المصطلح مع شرح معناه؛ لا يُختزل في الوحدانية العددية,الحزمة العلمية للتحدي — نماذج قاموس المصطلحات,
shirk,الشرك,عقيدة,Shirk,Shirk (associating partners with Allah),both,,idolatry,,مسودة منهل — تُطابق مع موسوعة المصطلحات الإسلامية terminologyenc.com وموسوعة الجمهرة,
iman,الإيمان,عقيدة,Iman,Iman (faith),both,,,,مسودة منهل — تُطابق مع موسوعة المصطلحات الإسلامية terminologyenc.com وموسوعة الجمهرة,
islam,الإسلام,عقيدة,Islam,Islam (submission to Allah through Tawhid and obedience),transliterate,Mohammedanism,,لا يُختزل في معنى ثقافي عام,الحزمة العلمية للتحدي — نماذج قاموس المصطلحات,
ihsan,الإحسان,عقيدة,Ihsan,Ihsan (excellence in worship),both,,,,مسودة منهل — تُطابق مع موسوعة المصطلحات الإسلامية terminologyenc.com وموسوعة الجمهرة,
muslim,مسلم,عقيدة,Muslim,Muslim,transliterate,Mohammedan | Moslem,,,مسودة منهل — تُطابق مع موسوعة المصطلحات الإسلامية terminologyenc.com وموسوعة الجمهرة,
rasul,الرسول,عقيدة,the Messenger,the Messenger of Allah,translate,,apostle,,مسودة منهل — تُطابق مع موسوعة المصطلحات الإسلامية terminologyenc.com وموسوعة الجمهرة,
nabi,النبي,عقيدة,the Prophet,the Prophet,translate,,,,مسودة منهل — تُطابق مع موسوعة المصطلحات الإسلامية terminologyenc.com وموسوعة الجمهرة,
salawat,ﷺ,عقيدة,ﷺ,(peace and blessings be upon him),translate,,,تُكتب بعد اسم النبي,مسودة منهل — تُطابق مع موسوعة المصطلحات الإسلامية terminologyenc.com وموسوعة الجمهرة,
wahy,الوحي,عقيدة,Revelation,Revelation (Wahy),both,,inspiration,ما أوحاه الله إلى أنبيائه؛ تجنب ما يوهم الإلهام الشخصي,الحزمة العلمية للتحدي — نماذج قاموس المصطلحات,
malaika,الملائكة,عقيدة,angels,angels,translate,,,,مسودة منهل — تُطابق مع موسوعة المصطلحات الإسلامية terminologyenc.com وموسوعة الجمهرة,
jinn,الجن,عقيدة,Jinn,Jinn,transliterate,genie | genies,demons,,مسودة منهل — تُطابق مع موسوعة المصطلحات الإسلامية terminologyenc.com وموسوعة الجمهرة,
shaytan,الشيطان,عقيدة,Satan,Satan (Shaytan),both,,,إبليس يكتب Iblis,مسودة منهل — تُطابق مع موسوعة المصطلحات الإسلامية terminologyenc.com وموسوعة الجمهرة,
akhirah,الآخرة,عقيدة,the Hereafter,the Hereafter (al-Akhirah),both,,afterlife,,مسودة منهل — تُطابق مع موسوعة المصطلحات الإسلامية terminologyenc.com وموسوعة الجمهرة,
qiyamah,يوم القيامة,عقيدة,the Day of Resurrection,the Day of Resurrection,translate,,Doomsday,,مسودة منهل — تُطابق مع موسوعة المصطلحات الإسلامية terminologyenc.com وموسوعة الجمهرة,
jannah,الجنة,عقيدة,Paradise,Paradise (Jannah),both,,heaven,,مسودة منهل — تُطابق مع موسوعة المصطلحات الإسلامية terminologyenc.com وموسوعة الجمهرة,
nar,النار,عقيدة,the Hellfire,the Hellfire (Jahannam),both,,,,مسودة منهل — تُطابق مع موسوعة المصطلحات الإسلامية terminologyenc.com وموسوعة الجمهرة,
qadar,القدر,عقيدة,Divine Decree,Divine Decree (al-Qadar),both,,fate | destiny,,مسودة منهل — تُطابق مع موسوعة المصطلحات الإسلامية terminologyenc.com وموسوعة الجمهرة,
ghayb,الغيب,عقيدة,the Unseen,the Unseen (al-Ghayb),both,,,,مسودة منهل — تُطابق مع موسوعة المصطلحات الإسلامية terminologyenc.com وموسوعة الجمهرة,
kufr,الكفر,عقيدة,disbelief,disbelief (Kufr),both,,,,مسودة منهل — تُطابق مع موسوعة المصطلحات الإسلامية terminologyenc.com وموسوعة الجمهرة,
kafir,الكافر,عقيدة,disbeliever,disbeliever,translate,,infidel | pagan,,مسودة منهل — تُطابق مع موسوعة المصطلحات الإسلامية terminologyenc.com وموسوعة الجمهرة,
nifaq,النفاق,عقيدة,hypocrisy,hypocrisy (Nifaq),both,,,,مسودة منهل — تُطابق مع موسوعة المصطلحات الإسلامية terminologyenc.com وموسوعة الجمهرة,
bidah,البدعة,عقيدة,Bid'ah,Bid'ah (innovation in religion),both,,innovation,,مسودة منهل — تُطابق مع موسوعة المصطلحات الإسلامية terminologyenc.com وموسوعة الجمهرة,
shafaah,الشفاعة,عقيدة,intercession,intercession (Shafa'ah),both,,,,مسودة منهل — تُطابق مع موسوعة المصطلحات الإسلامية terminologyenc.com وموسوعة الجمهرة,
asma_husna,الأسماء الحسنى,عقيدة,the Most Beautiful Names of Allah,the Most Beautiful Names of Allah,translate,,,,مسودة منهل — تُطابق مع موسوعة المصطلحات الإسلامية terminologyenc.com وموسوعة الجمهرة,
arsh,العرش,عقيدة,the Throne,the Throne ('Arsh),both,,,,مسودة منهل — تُطابق مع موسوعة المصطلحات الإسلامية terminologyenc.com وموسوعة الجمهرة,
ahl_kitab,أهل الكتاب,عقيدة,the People of the Book,the People of the Book,translate,,,,مسودة منهل — تُطابق مع موسوعة المصطلحات الإسلامية terminologyenc.com وموسوعة الجمهرة,
quran,القرآن,قرآن وعلومه,the Quran,the Quran,transliterate,,Koran,,مسودة منهل — تُطابق مع موسوعة المصطلحات الإسلامية terminologyenc.com وموسوعة الجمهرة,
surah,سورة,قرآن وعلومه,Surah,Surah,transliterate,,chapter,,مسودة منهل — تُطابق مع موسوعة المصطلحات الإسلامية terminologyenc.com وموسوعة الجمهرة,
ayah,آية,قرآن وعلومه,verse,verse (Ayah),both,,sign,آية بمعنى العلامة تترجم sign حسب السياق,مسودة منهل — تُطابق مع موسوعة المصطلحات الإسلامية terminologyenc.com وموسوعة الجمهرة,
tafsir,التفسير,قرآن وعلومه,Tafsir,Tafsir (exegesis of the Quran),both,,,,مسودة منهل — تُطابق مع موسوعة المصطلحات الإسلامية terminologyenc.com وموسوعة الجمهرة,
tilawah,التلاوة,قرآن وعلومه,recitation,recitation (Tilawah),both,,reading,,مسودة منهل — تُطابق مع موسوعة المصطلحات الإسلامية terminologyenc.com وموسوعة الجمهرة,
tajwid,التجويد,قرآن وعلومه,Tajwid,Tajwid (rules of Quranic recitation),both,,,,مسودة منهل — تُطابق مع موسوعة المصطلحات الإسلامية terminologyenc.com وموسوعة الجمهرة,
mushaf,المصحف,قرآن وعلومه,Mushaf,Mushaf (written copy of the Quran),both,,,,مسودة منهل — تُطابق مع موسوعة المصطلحات الإسلامية terminologyenc.com وموسوعة الجمهرة,
juz,جزء,قرآن وعلومه,Juz',Juz' (one of thirty parts of the Quran),both,,,,مسودة منهل — تُطابق مع موسوعة المصطلحات الإسلامية terminologyenc.com وموسوعة الجمهرة,
hafiz,حافظ,قرآن وعلومه,Hafiz,Hafiz (one who has memorized the Quran),both,,,,مسودة منهل — تُطابق مع موسوعة المصطلحات الإسلامية terminologyenc.com وموسوعة الجمهرة,
hadith,حديث,حديث وعلومه,Hadith,"Hadith (what is reported from the Prophet ﷺ of his words, actions or approvals)",both,,tradition,مع بيان درجة الثبوت عند الاستدلال,الحزمة العلمية للتحدي — نماذج قاموس المصطلحات,
sunnah,السنة,حديث وعلومه,the Sunnah,the Sunnah (the Prophet's guidance and way),both,,,يحدد المقصود بحسب السياق العلمي,الحزمة العلمية للتحدي — نماذج قاموس المصطلحات,
sahih,صحيح,حديث وعلومه,Sahih,Sahih (authentic),both,,correct,في سياق الحكم على الحديث,مسودة منهل — تُطابق مع موسوعة المصطلحات الإسلامية terminologyenc.com وموسوعة الجمهرة,
hasan,حسن,حديث وعلومه,Hasan,Hasan (sound),both,,good | good-looking,في سياق الحكم على الحديث,مسودة منهل — تُطابق مع موسوعة المصطلحات الإسلامية terminologyenc.com وموسوعة الجمهرة,
daif,ضعيف,حديث وعلومه,Da'if,Da'if (weak),both,,,,مسودة منهل — تُطابق مع موسوعة المصطلحات الإسلامية terminologyenc.com وموسوعة الجمهرة,
mawdu,موضوع,حديث وعلومه,Mawdu',Mawdu' (fabricated),both,,subject | topic,في سياق الحكم على الحديث فقط,مسودة منهل — تُطابق مع موسوعة المصطلحات الإسلامية terminologyenc.com وموسوعة الجمهرة,
isnad,الإسناد,حديث وعلومه,Isnad,Isnad (chain of narration),both,,,,مسودة منهل — تُطابق مع موسوعة المصطلحات الإسلامية terminologyenc.com وموسوعة الجمهرة,
matn,المتن,حديث وعلومه,Matn,Matn (text of the narration),both,,,,مسودة منهل — تُطابق مع موسوعة المصطلحات الإسلامية terminologyenc.com وموسوعة الجمهرة,
sahabah,الصحابة,حديث وعلومه,the Companions,the Companions (Sahabah),both,,,,مسودة منهل — تُطابق مع موسوعة المصطلحات الإسلامية terminologyenc.com وموسوعة الجمهرة,
tabiun,التابعون,حديث وعلومه,the Successors,the Successors (Tabi'un),both,,,,مسودة منهل — تُطابق مع موسوعة المصطلحات الإسلامية terminologyenc.com وموسوعة الجمهرة,
athar,أثر,حديث وعلومه,Athar,Athar (narration from the Companions),both,,,,مسودة منهل — تُطابق مع موسوعة المصطلحات الإسلامية terminologyenc.com وموسوعة الجمهرة,
muttafaq,متفق عليه,حديث وعلومه,agreed upon,agreed upon (by al-Bukhari and Muslim),translate,,,,مسودة منهل — تُطابق مع موسوعة المصطلحات الإسلامية terminologyenc.com وموسوعة الجمهرة,
sirah,السيرة,حديث وعلومه,Sirah,Sirah (the Prophet's biography),both,,,,مسودة منهل — تُطابق مع موسوعة المصطلحات الإسلامية terminologyenc.com وموسوعة الجمهرة,
taharah,الطهارة,طهارة وصلاة,purification,purification (Taharah),both,,cleanliness,,مسودة منهل — تُطابق مع موسوعة المصطلحات الإسلامية terminologyenc.com وموسوعة الجمهرة,
wudu,الوضوء,طهارة وصلاة,Wudu',Wudu' (ablution),both,,,,مسودة منهل — تُطابق مع موسوعة المصطلحات الإسلامية terminologyenc.com وموسوعة الجمهرة,
ghusl,الغسل,طهارة وصلاة,Ghusl,Ghusl (ritual bath),both,,shower,,مسودة منهل — تُطابق مع موسوعة المصطلحات الإسلامية terminologyenc.com وموسوعة الجمهرة,
tayammum,التيمم,طهارة وصلاة,Tayammum,Tayammum (dry ablution),both,,,,مسودة منهل — تُطابق مع موسوعة المصطلحات الإسلامية terminologyenc.com وموسوعة الجمهرة,
salah,الصلاة,طهارة وصلاة,Salah,Salah (ritual prayer),both,,prayer,prayer وحدها تختلط بالدعاء,مسودة منهل — تُطابق مع موسوعة المصطلحات الإسلامية terminologyenc.com وموسوعة الجمهرة,
dua,الدعاء,طهارة وصلاة,supplication,supplication (Du'a),both,,prayer,,مسودة منهل — تُطابق مع موسوعة المصطلحات الإسلامية terminologyenc.com وموسوعة الجمهرة,
adhan,الأذان,طهارة وصلاة,Adhan,Adhan (call to prayer),both,,,,مسودة منهل — تُطابق مع موسوعة المصطلحات الإسلامية terminologyenc.com وموسوعة الجمهرة,
iqamah,الإقامة,طهارة وصلاة,Iqamah,Iqamah (second call to prayer),both,,residence,في سياق الصلاة,مسودة منهل — تُطابق مع موسوعة المصطلحات الإسلامية terminologyenc.com وموسوعة الجمهرة,
qiblah,القبلة,طهارة وصلاة,Qiblah,Qiblah (direction of prayer),both,,,,مسودة منهل — تُطابق مع موسوعة المصطلحات الإسلامية terminologyenc.com وموسوعة الجمهرة,
rakah,ركعة,طهارة وصلاة,Rak'ah,Rak'ah (unit of prayer),both,,,,مسودة منهل — تُطابق مع موسوعة المصطلحات الإسلامية terminologyenc.com وموسوعة الجمهرة,
ruku,الركوع,طهارة وصلاة,bowing,bowing (Ruku'),both,,,,مسودة منهل — تُطابق مع موسوعة المصطلحات الإسلامية terminologyenc.com وموسوعة الجمهرة,
sujud,السجود,طهارة وصلاة,prostration,prostration (Sujud),both,,,,مسودة منهل — تُطابق مع موسوعة المصطلحات الإسلامية terminologyenc.com وموسوعة الجمهرة,
tashahhud,التشهد,طهارة وصلاة,Tashahhud,Tashahhud (testimony recited in prayer),both,,,,مسودة منهل — تُطابق مع موسوعة المصطلحات الإسلامية terminologyenc.com وموسوعة الجمهرة,
imam,الإمام,طهارة وصلاة,Imam,Imam (prayer leader),both,,,,مسودة منهل — تُطابق مع موسوعة المصطلحات الإسلامية terminologyenc.com وموسوعة الجمهرة,
masjid,المسجد,طهارة وصلاة,mosque,mosque,translate,,,,مسودة منهل — تُطابق مع موسوعة المصطلحات الإسلامية terminologyenc.com وموسوعة الجمهرة,
jumuah,صلاة الجمعة,طهارة وصلاة,Jumu'ah,Jumu'ah (Friday prayer),both,,,,مسودة منهل — تُطابق مع موسوعة المصطلحات الإسلامية terminologyenc.com وموسوعة الجمهرة,
khutbah,الخطبة,طهارة وصلاة,Khutbah,Khutbah (sermon),both,,speech | lecture,خِطبة بكسر الخاء (طلب الزواج) تترجم proposal,مسودة منهل — تُطابق مع موسوعة المصطلحات الإسلامية terminologyenc.com وموسوعة الجمهرة,
khatib,الخطيب,طهارة وصلاة,Khatib,Khatib (preacher),both,,,,مسودة منهل — تُطابق مع موسوعة المصطلحات الإسلامية terminologyenc.com وموسوعة الجمهرة,
jamaah,صلاة الجماعة,طهارة وصلاة,congregational prayer,congregational prayer,translate,,,,مسودة منهل — تُطابق مع موسوعة المصطلحات الإسلامية terminologyenc.com وموسوعة الجمهرة,
nafl,النافلة,طهارة وصلاة,voluntary prayer,voluntary prayer (Nafl),both,,,,مسودة منهل — تُطابق مع موسوعة المصطلحات الإسلامية terminologyenc.com وموسوعة الجمهرة,
witr,الوتر,طهارة وصلاة,Witr,Witr (odd-numbered night prayer),both,,,,مسودة منهل — تُطابق مع موسوعة المصطلحات الإسلامية terminologyenc.com وموسوعة الجمهرة,
tarawih,التراويح,طهارة وصلاة,Tarawih,Tarawih (night prayers in Ramadan),both,,,,مسودة منهل — تُطابق مع موسوعة المصطلحات الإسلامية terminologyenc.com وموسوعة الجمهرة,
dhikr,الذكر,طهارة وصلاة,Dhikr,Dhikr (remembrance of Allah),both,,,,مسودة منهل — تُطابق مع موسوعة المصطلحات الإسلامية terminologyenc.com وموسوعة الجمهرة,
tasbih,التسبيح,طهارة وصلاة,Tasbih,Tasbih (glorifying Allah),both,,,,مسودة منهل — تُطابق مع موسوعة المصطلحات الإسلامية terminologyenc.com وموسوعة الجمهرة,
istighfar,الاستغفار,طهارة وصلاة,Istighfar,Istighfar (seeking Allah's forgiveness),both,,,,مسودة منهل — تُطابق مع موسوعة المصطلحات الإسلامية terminologyenc.com وموسوعة الجمهرة,
zakah,الزكاة,زكاة وصدقة,Zakah,Zakah (obligatory alms),both,,charity | tax,,مسودة منهل — تُطابق مع موسوعة المصطلحات الإسلامية terminologyenc.com وموسوعة الجمهرة,
sadaqah,الصدقة,زكاة وصدقة,Sadaqah,Sadaqah (voluntary charity),both,,,,مسودة منهل — تُطابق مع موسوعة المصطلحات الإسلامية terminologyenc.com وموسوعة الجمهرة,
zakat_fitr,زكاة الفطر,زكاة وصدقة,Zakat al-Fitr,Zakat al-Fitr (end-of-Ramadan alms),both,,,,مسودة منهل — تُطابق مع موسوعة المصطلحات الإسلامية terminologyenc.com وموسوعة الجمهرة,
nisab,النصاب,زكاة وصدقة,Nisab,Nisab (minimum threshold for Zakah),both,,,,مسودة منهل — تُطابق مع موسوعة المصطلحات الإسلامية terminologyenc.com وموسوعة الجمهرة,
waqf,الوقف,زكاة وصدقة,Waqf,Waqf (charitable endowment),both,,,,مسودة منهل — تُطابق مع موسوعة المصطلحات الإسلامية terminologyenc.com وموسوعة الجمهرة,
sawm,الصيام,صيام,fasting,fasting (Sawm),both,,,,مسودة منهل — تُطابق مع موسوعة المصطلحات الإسلامية terminologyenc.com وموسوعة الجمهرة,
ramadan,رمضان,صيام,Ramadan,Ramadan,transliterate,Ramadan holiday,,,مسودة منهل — تُطابق مع موسوعة المصطلحات الإسلامية terminologyenc.com وموسوعة الجمهرة,
suhur,السحور,صيام,Suhur,Suhur (pre-dawn meal),both,,,,مسودة منهل — تُطابق مع موسوعة المصطلحات الإسلامية terminologyenc.com وموسوعة الجمهرة,
iftar,الإفطار,صيام,Iftar,Iftar (meal to break the fast),both,,,,مسودة منهل — تُطابق مع موسوعة المصطلحات الإسلامية terminologyenc.com وموسوعة الجمهرة,
itikaf,الاعتكاف,صيام,I'tikaf,I'tikaf (spiritual retreat in the mosque),both,,,,مسودة منهل — تُطابق مع موسوعة المصطلحات الإسلامية terminologyenc.com وموسوعة الجمهرة,
laylat_qadr,ليلة القدر,صيام,Laylat al-Qadr,Laylat al-Qadr (the Night of Decree),both,,,,مسودة منهل — تُطابق مع موسوعة المصطلحات الإسلامية terminologyenc.com وموسوعة الجمهرة,
eid_fitr,عيد الفطر,صيام,Eid al-Fitr,Eid al-Fitr,transliterate,,,,مسودة منهل — تُطابق مع موسوعة المصطلحات الإسلامية terminologyenc.com وموسوعة الجمهرة,
hajj,الحج,حج وعمرة,Hajj,Hajj (pilgrimage to Makkah),both,,,,مسودة منهل — تُطابق مع موسوعة المصطلحات الإسلامية terminologyenc.com وموسوعة الجمهرة,
umrah,العمرة,حج وعمرة,Umrah,Umrah (lesser pilgrimage),both,,,,مسودة منهل — تُطابق مع موسوعة المصطلحات الإسلامية terminologyenc.com وموسوعة الجمهرة,
ihram,الإحرام,حج وعمرة,Ihram,Ihram (state of ritual consecration),both,,,,مسودة منهل — تُطابق مع موسوعة المصطلحات الإسلامية terminologyenc.com وموسوعة الجمهرة,
miqat,الميقات,حج وعمرة,Miqat,Miqat (station for entering Ihram),both,,,,مسودة منهل — تُطابق مع موسوعة المصطلحات الإسلامية terminologyenc.com وموسوعة الجمهرة,
tawaf,الطواف,حج وعمرة,Tawaf,Tawaf (circumambulation of the Ka'bah),both,,,,مسودة منهل — تُطابق مع موسوعة المصطلحات الإسلامية terminologyenc.com وموسوعة الجمهرة,
sai,السعي,حج وعمرة,Sa'i,Sa'i (walking between Safa and Marwah),both,,,,مسودة منهل — تُطابق مع موسوعة المصطلحات الإسلامية terminologyenc.com وموسوعة الجمهرة,
kabah,الكعبة,حج وعمرة,the Ka'bah,the Ka'bah,transliterate,,,,مسودة منهل — تُطابق مع موسوعة المصطلحات الإسلامية terminologyenc.com وموسوعة الجمهرة,
masjid_haram,المسجد الحرام,حج وعمرة,al-Masjid al-Haram,al-Masjid al-Haram (the Sacred Mosque),both,,,,مسودة منهل — تُطابق مع موسوعة المصطلحات الإسلامية terminologyenc.com وموسوعة الجمهرة,
makkah,مكة,حج وعمرة,Makkah,Makkah,transliterate,,Mecca,,مسودة منهل — تُطابق مع موسوعة المصطلحات الإسلامية terminologyenc.com وموسوعة الجمهرة,
madinah,المدينة,حج وعمرة,Madinah,Madinah,transliterate,,Medina,,مسودة منهل — تُطابق مع موسوعة المصطلحات الإسلامية terminologyenc.com وموسوعة الجمهرة,
arafah,عرفة,حج وعمرة,'Arafah,'Arafah,transliterate,,,,مسودة منهل — تُطابق مع موسوعة المصطلحات الإسلامية terminologyenc.com وموسوعة الجمهرة,
muzdalifah,مزدلفة,حج وعمرة,Muzdalifah,Muzdalifah,transliterate,,,,مسودة منهل — تُطابق مع موسوعة المصطلحات الإسلامية terminologyenc.com وموسوعة الجمهرة,
mina,منى,حج وعمرة,Mina,Mina,transliterate,,,,مسودة منهل — تُطابق مع موسوعة المصطلحات الإسلامية terminologyenc.com وموسوعة الجمهرة,
jamarat,رمي الجمرات,حج وعمرة,stoning of the Jamarat,stoning of the Jamarat,both,,stoning the devil,,مسودة منهل — تُطابق مع موسوعة المصطلحات الإسلامية terminologyenc.com وموسوعة الجمهرة,
talbiyah,التلبية,حج وعمرة,Talbiyah,Talbiyah (the pilgrim's chant),both,,,,مسودة منهل — تُطابق مع موسوعة المصطلحات الإسلامية terminologyenc.com وموسوعة الجمهرة,
hady,الهدي,حج وعمرة,Hady,Hady (sacrificial animal of Hajj),both,,,,مسودة منهل — تُطابق مع موسوعة المصطلحات الإسلامية terminologyenc.com وموسوعة الجمهرة,
udhiyah,الأضحية,حج وعمرة,Udhiyah,Udhiyah (Eid sacrifice),both,,,,مسودة منهل — تُطابق مع موسوعة المصطلحات الإسلامية terminologyenc.com وموسوعة الجمهرة,
eid_adha,عيد الأضحى,حج وعمرة,Eid al-Adha,Eid al-Adha,transliterate,,,,مسودة منهل — تُطابق مع موسوعة المصطلحات الإسلامية terminologyenc.com وموسوعة الجمهرة,
shariah,الشريعة,فقه وأصوله,Shari'ah,Shari'ah (Islamic law and guidance),both,,Sharia law | penal code,لا يُختزل في العقوبات أو القانون الجنائي,الحزمة العلمية للتحدي — نماذج قاموس المصطلحات,
fiqh,الفقه,فقه وأصوله,Fiqh,Fiqh (Islamic jurisprudence),both,,,,مسودة منهل — تُطابق مع موسوعة المصطلحات الإسلامية terminologyenc.com وموسوعة الجمهرة,
fatwa,الفتوى,فقه وأصوله,Fatwa,Fatwa (a religious ruling issued by a qualified scholar),both,,edict | decree,جواب شرعي يصدره مؤهل؛ لا يساوى بالمعلومة العامة,الحزمة العلمية للتحدي — نماذج قاموس المصطلحات,
mufti,المفتي,فقه وأصوله,Mufti,Mufti (scholar authorized to issue Fatwas),both,,,,مسودة منهل — تُطابق مع موسوعة المصطلحات الإسلامية terminologyenc.com وموسوعة الجمهرة,
halal,الحلال,فقه وأصوله,Halal,Halal (permissible),both,,,,مسودة منهل — تُطابق مع موسوعة المصطلحات الإسلامية terminologyenc.com وموسوعة الجمهرة,
haram,الحرام,فقه وأصوله,Haram,Haram (prohibited),both,,,,مسودة منهل — تُطابق مع موسوعة المصطلحات الإسلامية terminologyenc.com وموسوعة الجمهرة,
makruh,المكروه,فقه وأصوله,Makruh,Makruh (disliked),both,,hated,,مسودة منهل — تُطابق مع موسوعة المصطلحات الإسلامية terminologyenc.com وموسوعة الجمهرة,
mustahabb,المستحب,فقه وأصوله,recommended,recommended (Mustahabb),both,,,,مسودة منهل — تُطابق مع موسوعة المصطلحات الإسلامية terminologyenc.com وموسوعة الجمهرة,
mubah,المباح,فقه وأصوله,permissible,permissible (Mubah),both,,,,مسودة منهل — تُطابق مع موسوعة المصطلحات الإسلامية terminologyenc.com وموسوعة الجمهرة,
wajib,الواجب,فقه وأصوله,obligatory,obligatory (Fard),both,,,,مسودة منهل — تُطابق مع موسوعة المصطلحات الإسلامية terminologyenc.com وموسوعة الجمهرة,
ijma,الإجماع,فقه وأصوله,consensus,consensus (Ijma'),both,,,,مسودة منهل — تُطابق مع موسوعة المصطلحات الإسلامية terminologyenc.com وموسوعة الجمهرة,
qiyas,القياس,فقه وأصوله,analogy,analogical reasoning (Qiyas),both,,measurement,,مسودة منهل — تُطابق مع موسوعة المصطلحات الإسلامية terminologyenc.com وموسوعة الجمهرة,
ijtihad,الاجتهاد,فقه وأصوله,Ijtihad,Ijtihad (independent juristic reasoning),both,,,,مسودة منهل — تُطابق مع موسوعة المصطلحات الإسلامية terminologyenc.com وموسوعة الجمهرة,
madhhab,المذهب,فقه وأصوله,Madhhab,Madhhab (school of jurisprudence),both,,sect,,مسودة منهل — تُطابق مع موسوعة المصطلحات الإسلامية terminologyenc.com وموسوعة الجمهرة,
awrah,العورة,فقه وأصوله,'Awrah,'Awrah (parts of the body to be covered),both,,,,مسودة منهل — تُطابق مع موسوعة المصطلحات الإسلامية terminologyenc.com وموسوعة الجمهرة,
hijab,الحجاب,فقه وأصوله,Hijab,Hijab,transliterate,,veil,,مسودة منهل — تُطابق مع موسوعة المصطلحات الإسلامية terminologyenc.com وموسوعة الجمهرة,
riba,الربا,فقه وأصوله,Riba,Riba (usury/interest),both,,,,مسودة منهل — تُطابق مع موسوعة المصطلحات الإسلامية terminologyenc.com وموسوعة الجمهرة,
nikah,النكاح,أسرة ومعاملات,marriage,marriage contract (Nikah),both,,,,مسودة منهل — تُطابق مع موسوعة المصطلحات الإسلامية terminologyenc.com وموسوعة الجمهرة,
mahr,المهر,أسرة ومعاملات,Mahr,Mahr (bridal gift from the groom to the bride),both,dowry,,,مسودة منهل — تُطابق مع موسوعة المصطلحات الإسلامية terminologyenc.com وموسوعة الجمهرة,
talaq,الطلاق,أسرة ومعاملات,divorce,divorce (Talaq),both,,,,مسودة منهل — تُطابق مع موسوعة المصطلحات الإسلامية terminologyenc.com وموسوعة الجمهرة,
iddah,العدة,أسرة ومعاملات,'Iddah,'Iddah (waiting period),both,,,,مسودة منهل — تُطابق مع موسوعة المصطلحات الإسلامية terminologyenc.com وموسوعة الجمهرة,
mirath,الميراث,أسرة ومعاملات,inheritance,inheritance,translate,,,,مسودة منهل — تُطابق مع موسوعة المصطلحات الإسلامية terminologyenc.com وموسوعة الجمهرة,
silat_rahim,صلة الرحم,أسرة ومعاملات,maintaining kinship ties,maintaining kinship ties,translate,,,,مسودة منهل — تُطابق مع موسوعة المصطلحات الإسلامية terminologyenc.com وموسوعة الجمهرة,
birr_walidayn,بر الوالدين,أسرة ومعاملات,dutifulness to parents,dutifulness to parents,translate,,,,مسودة منهل — تُطابق مع موسوعة المصطلحات الإسلامية terminologyenc.com وموسوعة الجمهرة,
taqwa,التقوى,أخلاق وعبارات,Taqwa,Taqwa (mindfulness of Allah),both,,fear,,مسودة منهل — تُطابق مع موسوعة المصطلحات الإسلامية terminologyenc.com وموسوعة الجمهرة,
jihad,الجهاد,أخلاق وعبارات,Jihad,Jihad (striving in the cause of Allah),both,holy war,,,مسودة منهل — تُطابق مع موسوعة المصطلحات الإسلامية terminologyenc.com وموسوعة الجمهرة,
hijrah,الهجرة,أخلاق وعبارات,Hijrah,Hijrah (the Prophet's migration to Madinah),both,,flight,,مسودة منهل — تُطابق مع موسوعة المصطلحات الإسلامية terminologyenc.com وموسوعة الجمهرة,
dawah,الدعوة,أخلاق وعبارات,Da'wah,Da'wah (invitation to Islam),both,,proselytizing,يختار المقابل بحسب السياق والجمهور,الحزمة العلمية للتحدي — نماذج قاموس المصطلحات,
ummah,الأمة,أخلاق وعبارات,the Ummah,the Ummah (the Muslim community),both,,,,مسودة منهل — تُطابق مع موسوعة المصطلحات الإسلامية terminologyenc.com وموسوعة الجمهرة,
tawbah,التوبة,أخلاق وعبارات,repentance,repentance (Tawbah),both,,,,مسودة منهل — تُطابق مع موسوعة المصطلحات الإسلامية terminologyenc.com وموسوعة الجمهرة,
niyyah,النية,أخلاق وعبارات,intention,intention (Niyyah),both,,,,مسودة منهل — تُطابق مع موسوعة المصطلحات الإسلامية terminologyenc.com وموسوعة الجمهرة,
sabr,الصبر,أخلاق وعبارات,patience,patience (Sabr),both,,,,مسودة منهل — تُطابق مع موسوعة المصطلحات الإسلامية terminologyenc.com وموسوعة الجمهرة,
tawakkul,التوكل,أخلاق وعبارات,reliance on Allah,reliance on Allah (Tawakkul),both,,,,مسودة منهل — تُطابق مع موسوعة المصطلحات الإسلامية terminologyenc.com وموسوعة الجمهرة,
ghibah,الغيبة,أخلاق وعبارات,backbiting,backbiting (Ghibah),both,,,,مسودة منهل — تُطابق مع موسوعة المصطلحات الإسلامية terminologyenc.com وموسوعة الجمهرة,
bismillah,بسم الله,أخلاق وعبارات,Bismillah,In the name of Allah (Bismillah),both,,,,مسودة منهل — تُطابق مع موسوعة المصطلحات الإسلامية terminologyenc.com وموسوعة الجمهرة,
inshallah,إن شاء الله,أخلاق وعبارات,In sha' Allah,In sha' Allah (if Allah wills),both,,,,مسودة منهل — تُطابق مع موسوعة المصطلحات الإسلامية terminologyenc.com وموسوعة الجمهرة,
alhamdulillah,الحمد لله,أخلاق وعبارات,Alhamdulillah,Alhamdulillah (all praise is due to Allah),both,,,,مسودة منهل — تُطابق مع موسوعة المصطلحات الإسلامية terminologyenc.com وموسوعة الجمهرة,
salam,السلام عليكم,أخلاق وعبارات,Assalamu 'alaykum,Assalamu 'alaykum (peace be upon you),both,,,,مسودة منهل — تُطابق مع موسوعة المصطلحات الإسلامية terminologyenc.com وموسوعة الجمهرة,
ibadah,العبادة,عقيدة,worship,worship ('Ibadah),both,,,تشمل أعمال القلب والقول والعمل؛ لا تحصر في الشعائر,الحزمة العلمية للتحدي — نماذج قاموس المصطلحات,
nubuwwah,النبوة,عقيدة,Prophethood,Prophethood,translate,,,اصطفاء الأنبياء بالوحي؛ تمييزها عن القيادة الدينية البشرية,الحزمة العلمية للتحدي — نماذج قاموس المصطلحات,
